<?xml version="1.0" encoding="UTF-8"?>
<project-private xmlns="http://www.netbeans.org/ns/project-private/1">
    <editor-bookmarks xmlns="http://www.netbeans.org/ns/editor-bookmarks/2" lastBookmarkId="0"/>
    <open-files xmlns="http://www.netbeans.org/ns/projectui-open-files/2">
        <group>
            <file>file:/D:/Library/src/javaconnect.java</file>
            <file>file:/D:/Library/src/Statistics.java</file>
            <file>file:/D:/Library/src/singup.java</file>
            <file>file:/D:/Library/src/BookList.java</file>
            <file>file:/D:/Library/src/About.java</file>
            <file>file:/D:/Library/src/Home.java</file>
            <file>file:/D:/Library/src/login.java</file>
            <file>file:/D:/Library/src/NewBook.java</file>
            <file>file:/D:/Library/src/forgot.java</file>
            <file>file:/D:/Library/src/Student.java</file>
            <file>file:/D:/Library/src/Loading.java</file>
            <file>file:/D:/Library/src/Issue.java</file>
            <file>file:/D:/Library/src/Return.java</file>
        </group>
    </open-files>
</project-private>
